Date,Subscribers,Reach,Item Views,Item Clickthroughs,Hits
05-05-2012,3,1,9,0,10
05-06-2012,2,0,0,0,5
05-07-2012,3,0,0,0,4
05-08-2012,4,1,11,0,6
05-09-2012,4,0,0,0,3
05-10-2012,4,3,3,0,2
05-11-2012,4,0,0,0,5
05-12-2012,4,0,0,0,3
05-13-2012,5,0,0,0,4
05-14-2012,0,0,0,0,0
05-15-2012,5,0,0,0,4
05-16-2012,4,0,0,0,3
05-17-2012,4,0,0,0,4
05-18-2012,4,0,0,0,4
05-19-2012,4,0,0,0,3
05-20-2012,5,0,0,0,5
05-21-2012,4,0,0,0,4
05-22-2012,4,0,0,0,2
05-23-2012,4,0,0,0,3
05-24-2012,5,0,0,0,5
05-25-2012,4,0,0,0,4
05-26-2012,4,0,0,0,4
05-27-2012,4,0,0,0,4
05-28-2012,4,0,0,0,4
05-29-2012,4,0,0,0,3
05-30-2012,4,0,0,0,6
05-31-2012,4,0,0,0,7
06-01-2012,4,0,0,0,6
06-02-2012,4,0,0,0,4
06-03-2012,4,0,0,0,4
06-04-2012,4,0,0,0,5
06-05-2012,4,0,0,0,4
06-06-2012,4,0,0,0,4
06-07-2012,4,0,0,0,4
06-08-2012,4,0,0,0,3
06-09-2012,4,0,0,0,4
06-10-2012,4,0,0,0,4
06-11-2012,4,0,0,0,5
06-12-2012,5,0,0,0,7
06-13-2012,4,4,4,0,4
06-14-2012,4,2,2,0,3
06-15-2012,4,1,10,2,7
06-16-2012,5,0,0,0,7
06-17-2012,6,0,0,0,8
06-18-2012,6,1,1,1,8
06-19-2012,8,0,0,0,8
06-20-2012,7,0,0,0,4
06-21-2012,7,0,0,0,5
06-22-2012,7,0,0,0,6
06-23-2012,7,0,0,0,7
06-24-2012,7,0,0,0,5
06-25-2012,7,0,0,0,5
06-26-2012,7,0,0,0,4
06-27-2012,8,0,0,0,7
06-28-2012,7,0,0,0,8
06-29-2012,7,0,0,0,3
06-30-2012,8,0,0,0,7
07-01-2012,7,0,0,0,6
07-02-2012,7,0,0,0,7
07-03-2012,7,0,0,0,5
07-04-2012,8,2,2,0,6
07-05-2012,7,0,0,0,6
07-06-2012,7,0,0,0,5
07-07-2012,7,0,0,0,6
07-08-2012,7,0,0,0,4
07-09-2012,7,0,0,0,5
07-10-2012,7,1,1,0,6
07-11-2012,8,1,1,0,7
07-12-2012,7,0,0,0,6
07-13-2012,7,1,10,0,7
07-14-2012,8,0,0,0,6
07-15-2012,8,0,0,0,7
07-16-2012,8,0,0,0,7
07-17-2012,8,1,1,0,5
07-18-2012,9,0,0,0,7
07-19-2012,8,0,0,0,4
07-20-2012,8,0,0,0,4
07-21-2012,8,0,0,0,4
07-22-2012,8,0,0,0,4
07-23-2012,8,0,0,0,8
07-24-2012,8,0,0,0,4
07-25-2012,8,0,0,0,3
07-26-2012,8,0,0,0,4
07-27-2012,8,0,0,0,4
07-28-2012,8,0,0,0,4
07-29-2012,8,0,0,0,4
07-30-2012,8,0,0,0,4
07-31-2012,8,0,0,0,4
08-01-2012,8,3,3,1,4
08-02-2012,8,0,0,0,3
08-03-2012,8,0,0,0,4
08-04-2012,8,2,3,0,4
08-05-2012,9,0,0,0,6
08-06-2012,9,0,0,0,4
08-07-2012,9,0,0,0,12
08-08-2012,9,0,0,0,4
08-09-2012,10,0,0,0,4
08-10-2012,9,0,0,0,8
08-11-2012,9,0,0,0,8
08-12-2012,10,1,1,0,12
08-13-2012,9,0,0,0,12
08-14-2012,10,0,0,0,9
08-15-2012,9,0,0,0,18
08-16-2012,9,0,0,0,5
08-17-2012,10,0,0,0,11
08-18-2012,9,0,0,0,9
08-19-2012,9,0,0,0,13
08-20-2012,10,0,0,0,11
08-21-2012,9,0,0,0,16
08-22-2012,9,0,0,0,8
08-23-2012,9,0,0,0,4
08-24-2012,10,0,0,0,6
08-25-2012,10,0,0,0,4
08-26-2012,11,0,0,0,8
08-27-2012,9,0,0,0,5
08-28-2012,9,0,0,0,3
08-29-2012,10,5,5,1,10
08-30-2012,9,0,0,0,5
08-31-2012,9,0,0,0,5
09-01-2012,9,0,0,0,6
09-02-2012,9,0,0,0,3
09-03-2012,9,1,1,1,3
09-04-2012,9,0,0,0,3
09-05-2012,9,0,0,0,3
09-06-2012,9,0,0,0,5
09-07-2012,10,0,0,0,6
09-08-2012,11,0,0,0,8
09-09-2012,9,0,0,0,8
09-10-2012,10,0,0,0,7
09-11-2012,9,0,0,0,4
09-12-2012,9,0,0,0,3
09-13-2012,11,0,0,0,6
09-14-2012,9,0,0,0,4
09-15-2012,9,0,0,0,5
09-16-2012,9,0,0,0,3
09-17-2012,9,0,0,0,4
09-18-2012,8,0,0,0,4
09-19-2012,9,1,1,0,6
09-20-2012,8,1,1,0,4
09-21-2012,8,4,4,1,6
09-22-2012,8,1,10,0,5
09-23-2012,8,0,0,0,3
09-24-2012,8,0,0,0,4
09-25-2012,8,0,0,0,8
09-26-2012,9,0,0,0,7
09-27-2012,9,0,0,0,4
09-28-2012,10,0,0,0,5
09-29-2012,10,0,0,0,5
09-30-2012,9,0,0,0,5
10-01-2012,9,0,0,0,4
10-02-2012,9,0,0,0,3
10-03-2012,9,0,0,0,4
10-04-2012,10,0,0,0,5
10-05-2012,10,0,0,0,7
10-06-2012,9,0,0,0,4
10-07-2012,9,0,0,0,10
10-08-2012,9,1,5,0,6
10-09-2012,10,1,1,0,10
10-10-2012,10,2,12,0,5
10-11-2012,11,0,0,0,7
10-12-2012,10,0,0,0,3
10-13-2012,11,0,0,0,9
10-14-2012,10,0,0,0,5
10-15-2012,10,0,0,0,4
10-16-2012,10,0,0,0,3
10-17-2012,10,0,0,0,4
10-18-2012,10,0,0,0,6
10-19-2012,10,0,0,0,5
10-20-2012,10,0,0,0,3
10-21-2012,10,0,0,0,4
10-22-2012,10,0,0,0,10
10-23-2012,10,0,0,0,4
10-24-2012,11,1,6,0,5
10-25-2012,10,0,0,0,3
10-26-2012,10,0,0,0,7
10-27-2012,10,0,0,0,17
10-28-2012,11,0,0,0,8
10-29-2012,10,0,0,0,5
10-30-2012,10,0,0,0,4
10-31-2012,10,3,3,0,6
11-01-2012,10,0,0,0,6
11-02-2012,10,0,0,0,3
11-03-2012,10,0,0,0,9
11-04-2012,10,0,0,0,4
11-05-2012,10,0,0,0,4
11-06-2012,10,1,1,0,4
11-07-2012,10,0,0,0,3
11-08-2012,10,0,0,0,3
11-09-2012,11,0,0,0,3
11-10-2012,10,0,0,0,3
11-11-2012,10,0,0,0,4
11-12-2012,10,0,0,0,5
11-13-2012,10,1,6,0,4
11-14-2012,10,0,0,0,5
11-15-2012,10,0,0,0,3
11-16-2012,11,0,0,0,4
11-17-2012,10,0,0,0,5
11-18-2012,11,0,0,0,4
11-19-2012,10,0,0,0,5
11-20-2012,10,0,0,0,3
11-21-2012,10,0,0,0,4
11-22-2012,10,0,0,0,4
11-23-2012,10,0,0,0,4
11-24-2012,11,1,15,0,6
11-25-2012,11,0,0,0,4
11-26-2012,11,0,0,0,3
11-27-2012,12,0,0,0,4
11-28-2012,11,0,0,0,3
11-29-2012,11,0,0,0,4
11-30-2012,11,0,0,0,4
12-01-2012,11,0,0,0,4
12-02-2012,11,0,0,0,3
12-03-2012,12,0,0,0,5
12-04-2012,12,0,0,0,4
12-05-2012,13,0,0,0,4
12-06-2012,13,0,0,0,4
12-07-2012,13,0,0,0,4
12-08-2012,13,0,0,0,5
12-09-2012,13,0,0,0,6
12-10-2012,13,0,0,0,6
12-11-2012,14,0,0,0,6
12-12-2012,15,0,0,0,7
12-13-2012,14,0,0,0,6
12-14-2012,14,0,0,0,4
12-15-2012,14,0,0,0,5
12-16-2012,14,0,0,0,5
12-17-2012,13,0,0,0,4
12-18-2012,14,0,0,0,4
12-19-2012,13,2,2,0,5
12-20-2012,13,2,11,0,7
12-21-2012,14,0,0,0,5
12-22-2012,15,0,0,0,6
12-23-2012,15,0,0,0,6
12-24-2012,15,0,0,0,6
12-25-2012,14,0,0,0,5
12-26-2012,15,1,6,0,6
12-27-2012,15,0,0,0,5
12-28-2012,15,1,1,0,7
12-29-2012,15,0,0,0,7
12-30-2012,15,1,1,0,8
12-31-2012,14,0,0,0,4
01-01-2013,15,0,0,0,6
01-02-2013,15,0,0,0,5
01-03-2013,15,0,0,0,17
01-04-2013,14,0,0,0,3
01-05-2013,15,0,0,0,4
01-06-2013,15,0,0,0,7
01-07-2013,14,0,0,0,3
01-08-2013,14,0,0,0,4
01-09-2013,14,0,0,0,5
01-10-2013,14,0,0,0,4
01-11-2013,14,0,0,0,4
01-12-2013,14,0,0,0,4
01-13-2013,16,0,0,0,7
01-14-2013,17,2,3,0,10
01-15-2013,15,2,11,0,8
01-16-2013,15,1,1,0,4
01-17-2013,16,0,0,0,7
01-18-2013,15,2,2,0,8
01-19-2013,16,0,0,0,8
01-20-2013,16,1,1,1,9
01-21-2013,15,3,3,0,7
01-22-2013,15,0,0,0,3
01-23-2013,16,1,0,5,8
01-24-2013,16,0,0,0,7
01-25-2013,16,1,10,0,6
01-26-2013,16,0,0,0,5
01-27-2013,17,0,0,0,7
01-28-2013,18,0,0,0,7
01-29-2013,17,0,0,0,5
01-30-2013,18,0,0,0,5
01-31-2013,16,0,0,0,4
02-01-2013,16,0,0,0,5
02-02-2013,16,0,0,0,5
02-03-2013,16,0,0,0,3
02-04-2013,16,0,0,0,4
02-05-2013,16,0,0,0,3
02-06-2013,16,0,0,0,6
02-07-2013,16,0,0,0,3
02-08-2013,17,0,0,0,4
02-09-2013,16,0,0,0,3
02-10-2013,16,0,0,0,3
02-11-2013,16,0,0,0,4
02-12-2013,18,0,0,0,6
02-13-2013,17,0,0,0,5
02-14-2013,16,0,0,0,4
02-15-2013,17,0,0,0,4
02-16-2013,16,0,0,0,3
02-17-2013,16,0,0,0,3
02-18-2013,17,1,7,0,7
02-19-2013,17,0,0,0,3
02-20-2013,17,0,0,0,5
02-21-2013,16,1,10,0,4
02-22-2013,18,0,0,0,6
02-23-2013,17,0,0,0,3
02-24-2013,6,0,0,0,1
02-25-2013,17,0,0,0,4
02-26-2013,17,0,0,0,4
02-27-2013,17,0,0,0,4
02-28-2013,19,0,0,0,4
03-01-2013,21,0,0,0,6
03-02-2013,19,0,0,0,4
03-03-2013,18,0,0,0,3
03-04-2013,21,0,0,0,6
03-05-2013,20,3,7,0,4
03-06-2013,20,2,6,0,3
03-07-2013,20,1,10,0,5
03-08-2013,20,1,2,2,4
03-09-2013,22,3,3,0,7
03-10-2013,0,0,0,0,0
03-11-2013,20,2,2,1,3
03-12-2013,20,3,3,1,4
03-13-2013,21,2,18,0,7
03-14-2013,20,2,11,0,6
03-15-2013,22,0,0,0,9
03-16-2013,21,1,0,1,11
03-17-2013,21,0,0,0,5
03-18-2013,23,1,0,5,9
03-19-2013,22,1,10,0,9
03-20-2013,22,3,10,2,6
03-21-2013,22,1,10,0,6
03-22-2013,22,0,0,0,6
03-23-2013,24,0,0,0,7
03-24-2013,22,0,0,0,7
03-25-2013,22,4,23,2,9
03-26-2013,22,1,0,1,7
03-27-2013,25,1,0,1,9
03-28-2013,25,0,0,0,8
03-29-2013,25,0,0,0,9
03-30-2013,26,5,3,2,10
03-31-2013,25,6,12,3,9
04-01-2013,25,4,11,2,10
04-02-2013,27,0,0,0,10
04-03-2013,27,6,14,3,15
04-04-2013,27,9,14,6,12
04-05-2013,27,1,0,1,9
04-06-2013,28,0,0,0,10
04-07-2013,28,0,0,0,10
04-08-2013,27,0,0,0,9
04-09-2013,29,5,3,2,15
04-10-2013,30,2,10,1,14
04-11-2013,29,0,0,0,16
04-12-2013,28,0,0,0,12
04-13-2013,29,9,15,3,12
04-14-2013,0,0,0,1,0
04-15-2013,31,14,0,16,14
04-16-2013,31,3,0,3,11
04-17-2013,30,10,14,6,14
04-18-2013,31,5,3,3,17
04-19-2013,31,1,0,1,14
04-20-2013,32,3,0,3,15
04-21-2013,30,1,3,0,14
04-22-2013,30,0,0,0,12
04-23-2013,30,0,0,0,12
04-24-2013,30,9,8,4,15
04-25-2013,31,2,10,1,9
04-26-2013,31,2,2,0,10
04-27-2013,30,1,0,1,9
04-28-2013,30,0,0,0,11
04-29-2013,31,0,0,0,12
04-30-2013,31,1,1,0,9
05-01-2013,30,0,0,0,9
05-02-2013,31,0,0,0,6
05-03-2013,30,0,0,0,7
05-04-2013,30,0,0,0,6
05-05-2013,30,0,0,0,9
05-06-2013,31,0,0,0,9
05-07-2013,31,0,0,0,5
05-08-2013,34,1,0,1,10
05-09-2013,33,0,0,0,6
05-10-2013,34,0,0,0,7
05-11-2013,33,0,0,0,6
05-12-2013,33,1,0,1,6
05-13-2013,33,0,0,0,5
05-14-2013,33,1,0,1,6
05-15-2013,35,1,0,1,8
05-16-2013,34,0,0,0,8
05-17-2013,34,0,0,0,6
05-18-2013,34,1,0,1,6
05-19-2013,35,1,0,1,7
05-20-2013,35,1,10,0,10
05-21-2013,37,13,8,11,25
05-22-2013,37,7,4,8,9
05-23-2013,40,4,30,1,15
05-24-2013,38,20,60,11,16
05-25-2013,41,5,22,1,17
05-26-2013,43,1,1,0,14
05-27-2013,42,1,10,0,23
05-28-2013,44,7,15,2,22
05-29-2013,43,3,2,1,20
05-30-2013,41,1,0,1,14
05-31-2013,43,1,1,0,22
06-01-2013,39,2,10,1,8
06-02-2013,43,0,0,0,13
06-03-2013,40,0,0,0,9
06-04-2013,42,0,0,0,9
06-05-2013,42,0,0,0,10
06-06-2013,43,22,21,2,9
06-07-2013,42,14,12,3,15
06-08-2013,41,8,33,4,10
06-09-2013,43,3,11,1,14
06-10-2013,42,1,1,0,11
06-11-2013,44,2,11,0,15
06-12-2013,42,1,1,0,10
06-13-2013,42,8,1,8,12
06-14-2013,45,4,2,3,17
06-15-2013,43,5,3,2,14
06-16-2013,34,1,1,0,10
06-17-2013,43,2,3,0,16
06-18-2013,41,2,1,1,9
06-19-2013,42,0,0,0,14
06-20-2013,43,0,0,0,12
06-21-2013,41,9,1,8,9
06-22-2013,42,1,0,1,9
06-23-2013,41,0,0,0,8
06-24-2013,41,0,0,0,6
06-25-2013,41,0,0,0,7
06-26-2013,40,2,0,2,6
06-27-2013,41,0,0,0,5
06-28-2013,34,0,0,0,7
06-29-2013,40,0,0,0,4
06-30-2013,42,0,0,0,13
07-01-2013,42,0,0,0,10
07-02-2013,43,0,0,0,7
07-03-2013,42,1,10,0,7
07-04-2013,42,11,9,3,8
07-05-2013,42,3,3,0,8
07-06-2013,42,0,0,0,13
07-07-2013,43,0,0,0,11
07-08-2013,44,0,0,0,15
07-09-2013,44,0,0,0,12
07-10-2013,44,0,0,0,9
07-11-2013,44,1,1,0,12
07-12-2013,44,0,0,0,16
07-13-2013,35,0,0,0,11
07-14-2013,43,2,0,2,16
07-15-2013,44,0,0,0,15
07-16-2013,45,0,0,0,15
07-17-2013,46,9,9,2,19
07-18-2013,46,7,7,2,18
07-19-2013,44,5,11,3,17
07-20-2013,47,1,0,2,21
07-21-2013,44,1,1,0,13
07-22-2013,46,0,0,0,18
07-23-2013,46,2,2,0,15
07-24-2013,36,0,0,0,9
07-25-2013,37,1,0,1,9
07-26-2013,39,0,0,0,12
07-27-2013,44,0,0,0,8
07-28-2013,37,0,0,0,7
07-29-2013,39,0,0,0,17
07-30-2013,38,0,0,0,32
07-31-2013,45,1,11,0,37
08-01-2013,40,23,8,20,14
08-02-2013,37,5,3,2,6
08-03-2013,47,3,1,2,9
08-04-2013,37,1,0,1,30
08-05-2013,39,0,0,0,30
08-06-2013,39,0,0,0,23
08-07-2013,44,1,0,1,27
08-08-2013,40,1,10,0,18
08-09-2013,41,0,0,0,16
08-10-2013,40,0,0,0,9
08-11-2013,40,0,0,0,9
08-12-2013,42,1,1,0,13
08-13-2013,40,1,10,0,22
08-14-2013,40,0,0,0,17
08-15-2013,41,1,0,1,23
08-16-2013,40,0,0,0,27
08-17-2013,39,0,0,0,22
08-18-2013,52,0,0,0,28
08-19-2013,40,1,1,0,26
08-20-2013,44,23,8,18,33
08-21-2013,41,5,3,2,22
08-22-2013,44,25,18,20,35
08-23-2013,42,1,1,0,12
08-24-2013,41,1,1,0,20
08-25-2013,41,1,1,0,19
08-26-2013,52,36,22,28,35
08-27-2013,41,22,4,19,20
08-28-2013,49,20,1,19,38
08-29-2013,44,9,15,3,19
08-30-2013,44,3,0,3,15
08-31-2013,45,1,1,0,20
09-01-2013,43,1,0,2,12
09-02-2013,44,2,1,1,16
09-03-2013,45,1,10,0,16
09-04-2013,11,1,1,0,18
09-05-2013,54,1,1,0,22
09-06-2013,43,0,0,0,12
09-07-2013,54,0,0,0,16
09-08-2013,51,1,10,0,16
09-09-2013,54,0,0,0,20
09-10-2013,55,0,0,0,14
09-11-2013,53,0,0,0,17
09-12-2013,48,0,0,0,15
09-13-2013,46,0,0,0,15
09-14-2013,46,0,0,0,13
09-15-2013,47,0,0,0,13
09-16-2013,47,1,1,0,13
09-17-2013,48,0,0,0,18
09-18-2013,46,0,0,0,18
09-19-2013,55,0,0,0,11
09-20-2013,47,0,0,0,10
09-21-2013,48,0,0,0,17
09-22-2013,57,1,0,1,19
09-23-2013,48,0,0,0,14
09-24-2013,49,0,0,0,10
09-25-2013,56,0,0,0,16
09-26-2013,58,0,0,0,16
09-27-2013,48,0,0,0,12
09-28-2013,49,0,0,0,15
09-29-2013,48,0,0,0,9
09-30-2013,56,0,0,0,6
10-01-2013,49,0,0,0,7
10-02-2013,58,1,0,1,13
10-03-2013,57,0,0,0,12
10-04-2013,57,0,0,0,11
10-05-2013,50,0,0,0,11
10-06-2013,56,0,0,0,7
10-07-2013,50,0,0,0,11
10-08-2013,58,0,0,0,11
10-09-2013,56,0,0,0,10
10-10-2013,51,0,0,0,9
10-11-2013,47,0,0,0,3
10-12-2013,57,0,0,0,6
10-13-2013,48,0,0,0,5
10-14-2013,49,13,0,14,6
10-15-2013,48,27,5,27,5
10-16-2013,49,6,6,0,6
10-17-2013,57,1,0,1,5
10-18-2013,52,0,0,0,10
10-19-2013,49,0,0,0,3
10-20-2013,50,0,0,0,4
10-21-2013,52,1,1,0,10
10-22-2013,61,0,0,0,9
10-23-2013,54,1,0,1,9
10-24-2013,53,1,0,1,9
10-25-2013,54,2,1,1,13
10-26-2013,54,0,0,0,14
10-27-2013,53,0,0,0,16
10-28-2013,53,1,10,0,19
10-29-2013,55,0,0,0,19
10-30-2013,56,0,0,0,16
10-31-2013,56,1,1,0,22
11-01-2013,57,0,0,0,22
11-02-2013,56,0,0,0,18
11-03-2013,55,0,0,0,18
11-04-2013,55,0,0,0,20
11-05-2013,64,0,0,0,20
11-06-2013,0,0,0,1,0
11-07-2013,66,1,0,1,15
11-08-2013,58,0,0,0,18
11-09-2013,67,0,0,0,20
11-10-2013,67,0,0,0,14
11-11-2013,65,0,0,0,16
11-12-2013,59,2,0,2,19
11-13-2013,60,0,0,0,18
11-14-2013,68,0,0,0,20
11-15-2013,68,0,0,0,18
11-16-2013,61,0,0,0,19
11-17-2013,68,0,0,0,14
11-18-2013,60,35,16,63,24
11-19-2013,64,12,12,21,42
11-20-2013,60,7,2,8,33
11-21-2013,69,5,0,10,33
11-22-2013,61,5,0,8,32
11-23-2013,62,3,0,3,37
11-24-2013,61,3,0,3,31
11-25-2013,59,2,0,2,30
11-26-2013,61,4,0,7,34
11-27-2013,62,9,0,12,32
11-28-2013,61,0,0,0,36
11-29-2013,62,2,0,2,37
11-30-2013,64,0,0,0,34
12-01-2013,64,0,0,0,17
12-02-2013,63,0,0,0,19
12-03-2013,71,0,0,0,20
12-04-2013,72,0,0,0,21
12-05-2013,64,0,0,0,19
12-06-2013,64,30,7,39,24
12-07-2013,61,25,3,52,14
12-08-2013,66,2,1,1,21
12-09-2013,72,4,4,1,20
12-10-2013,73,3,1,2,19
12-11-2013,64,0,0,0,18
12-12-2013,65,1,0,1,18
12-13-2013,64,1,0,1,14
12-14-2013,70,0,0,0,10
12-15-2013,65,1,0,1,13
12-16-2013,64,2,0,2,11
12-17-2013,75,0,0,0,18
12-18-2013,64,1,0,1,11
12-19-2013,65,0,0,0,9
12-20-2013,73,0,0,0,10
12-21-2013,73,0,0,0,9
12-22-2013,65,0,0,0,10
12-23-2013,67,0,0,0,10
12-24-2013,76,18,0,18,13
12-25-2013,66,17,10,8,9
12-26-2013,67,9,7,2,10
12-27-2013,65,5,2,3,9
12-28-2013,75,1,0,1,12
12-29-2013,64,2,0,2,7
12-30-2013,75,1,1,0,11
12-31-2013,65,0,0,0,8
01-01-2014,65,1,0,1,8
01-02-2014,66,0,0,0,9
01-03-2014,64,2,0,2,6
01-04-2014,77,0,0,0,14
01-05-2014,73,0,0,0,8
01-06-2014,65,34,12,24,12
01-07-2014,66,19,5,16,8
01-08-2014,67,7,3,4,10
01-09-2014,65,3,1,2,8
01-10-2014,75,0,0,0,12
01-11-2014,66,1,0,1,10
01-12-2014,66,1,0,1,10
01-13-2014,74,2,1,1,11
01-14-2014,74,1,10,0,15
01-15-2014,67,2,10,1,9
01-16-2014,75,2,0,2,10
01-17-2014,68,0,0,0,9
01-18-2014,66,0,0,0,8
01-19-2014,67,1,0,1,8
01-20-2014,67,0,0,0,9
01-21-2014,67,0,0,0,8
01-22-2014,66,2,1,1,9
01-23-2014,75,8,0,10,11
01-24-2014,76,5,0,5,11
01-25-2014,69,0,0,0,9
01-26-2014,75,2,0,2,9
01-27-2014,68,3,0,3,9
01-28-2014,67,1,0,1,8
01-29-2014,76,1,0,1,9
01-30-2014,78,39,0,62,18
01-31-2014,83,78,60,85,31
02-01-2014,69,11,8,10,7
02-02-2014,68,3,8,1,8
02-03-2014,81,15,0,26,14
02-04-2014,76,2,8,0,9
02-05-2014,78,6,0,6,13
02-06-2014,69,2,8,0,10
02-07-2014,77,0,0,0,10
02-08-2014,80,0,0,0,11
02-09-2014,68,0,0,0,5
02-10-2014,70,3,0,3,9
02-11-2014,76,4,1,4,6
02-12-2014,77,1,0,2,8
02-13-2014,69,1,0,1,8
02-14-2014,78,0,0,0,13
02-15-2014,77,0,0,0,6
02-16-2014,70,1,4,0,7
02-17-2014,71,1,0,1,9
02-18-2014,0,0,0,0,0
02-19-2014,77,40,41,21,13
02-20-2014,77,14,18,8,22
02-21-2014,77,22,0,23,9
02-22-2014,85,3,0,4,9
02-23-2014,80,22,2,20,13
02-24-2014,75,4,0,4,11
02-25-2014,86,6,2,4,13
02-26-2014,77,4,10,3,15
02-27-2014,83,15,0,18,16
02-28-2014,79,30,22,21,12
03-01-2014,80,12,9,8,15
03-02-2014,81,3,2,2,11
03-03-2014,80,5,7,1,11
03-04-2014,87,2,2,1,14
03-05-2014,82,6,10,2,14
03-06-2014,93,32,27,16,28
03-07-2014,91,12,14,3,13
03-08-2014,81,1,0,1,19
03-09-2014,0,0,0,0,0
03-10-2014,81,3,6,0,41
03-11-2014,90,3,4,2,40
03-12-2014,92,60,48,26,49
03-13-2014,90,15,12,4,37
03-14-2014,86,8,2,11,44
03-15-2014,82,3,1,2,37
03-16-2014,82,2,0,2,34
03-17-2014,84,20,1,21,37
03-18-2014,86,37,22,18,46
03-19-2014,82,38,22,17,41
03-20-2014,81,5,3,3,45
03-21-2014,85,20,3,18,48
03-22-2014,88,15,27,2,33
03-23-2014,81,6,7,0,11
03-24-2014,79,7,5,2,14
03-25-2014,81,4,4,1,16
03-26-2014,80,3,1,2,15
03-27-2014,78,1,0,1,10
03-28-2014,88,1,0,1,13
03-29-2014,85,43,34,45,18
03-30-2014,80,15,15,7,14
03-31-2014,78,37,9,36,12
04-01-2014,81,35,38,5,14
04-02-2014,80,7,4,5,12
04-03-2014,78,4,2,3,8
04-04-2014,82,17,2,17,13
04-05-2014,78,18,17,3,9
04-06-2014,87,5,6,0,7
04-07-2014,81,10,9,3,16
04-08-2014,87,4,1,3,9
04-09-2014,81,1,0,1,12
04-10-2014,79,2,2,0,12
04-11-2014,89,1,0,1,14
04-12-2014,87,1,0,1,11
04-13-2014,88,1,10,0,10
04-14-2014,79,16,0,17,11
04-15-2014,81,26,23,3,11
04-16-2014,78,4,2,7,11
04-17-2014,81,2,0,2,13
04-18-2014,80,1,1,0,9
04-19-2014,79,1,0,1,8
04-20-2014,83,1,0,1,8
04-21-2014,78,2,1,1,6
04-22-2014,81,3,4,2,15
04-23-2014,89,4,10,3,14
04-24-2014,83,1,1,0,13
04-25-2014,79,3,0,3,6
04-26-2014,81,2,3,1,5
04-27-2014,79,1,0,1,5
04-28-2014,81,1,0,1,13
04-29-2014,85,52,24,33,16
04-30-2014,82,51,31,24,26
05-01-2014,86,25,8,25,21
05-02-2014,85,22,20,3,13
05-03-2014,84,12,10,3,11
05-04-2014,83,5,3,2,12
05-05-2014,87,21,9,14,15
05-06-2014,96,33,25,12,11
05-07-2014,98,11,20,2,20
05-08-2014,90,13,3,13,11
05-09-2014,93,2,1,1,15
05-10-2014,90,51,38,51,12
05-11-2014,91,13,25,5,8
05-12-2014,103,10,15,3,20
05-13-2014,103,50,27,39,29
05-14-2014,97,10,5,5,22
05-15-2014,95,18,3,16,25
05-16-2014,94,49,23,31,14
05-17-2014,97,21,19,3,13
05-18-2014,102,8,9,1,9
05-19-2014,97,10,9,3,31
05-20-2014,112,3,3,0,22
05-21-2014,101,6,5,7,21
05-22-2014,110,3,1,2,17
05-23-2014,101,3,3,1,16
05-24-2014,106,4,1,3,12
05-25-2014,99,3,0,5,12
05-26-2014,107,5,3,12,13
05-27-2014,108,3,9,1,13
05-28-2014,103,3,11,1,22
05-29-2014,102,0,0,0,15
05-30-2014,108,0,0,0,19
05-31-2014,103,1,0,1,20
06-01-2014,111,2,1,10,17
06-02-2014,103,20,0,20,18
06-03-2014,105,57,49,14,18
06-04-2014,104,38,25,24,19
06-05-2014,112,72,59,53,25
06-06-2014,107,43,41,22,14
06-07-2014,104,8,5,3,9
06-08-2014,99,3,2,1,10
06-09-2014,102,6,16,0,27
06-10-2014,110,8,4,5,25
06-11-2014,102,4,5,1,13
06-12-2014,104,1,2,0,20
06-13-2014,101,3,4,2,10
06-14-2014,102,2,5,0,14
06-15-2014,102,3,0,3,18
06-16-2014,103,2,2,0,21
06-17-2014,109,2,2,1,21
06-18-2014,107,5,1,4,9
06-19-2014,100,1,2,0,9
06-20-2014,100,2,0,2,7
06-21-2014,107,1,0,1,10
06-22-2014,101,1,0,2,12
06-23-2014,108,0,0,0,8
06-24-2014,99,0,0,0,4
06-25-2014,100,6,1,5,8
06-26-2014,108,2,3,1,7
06-27-2014,100,1,0,1,8
06-28-2014,106,3,1,2,7
06-29-2014,100,1,0,1,7
06-30-2014,110,4,1,6,17
07-01-2014,103,2,0,2,10
07-02-2014,110,3,0,3,9
07-03-2014,105,31,1,34,12
07-04-2014,109,33,28,6,9
07-05-2014,102,22,17,6,6
07-06-2014,111,19,14,8,13
07-07-2014,106,22,25,3,24
07-08-2014,115,5,3,2,22
07-09-2014,106,4,1,3,20
07-10-2014,115,5,4,1,18
07-11-2014,113,3,1,2,12
07-12-2014,105,2,1,1,7
07-13-2014,112,1,0,1,7
07-14-2014,106,2,0,2,10
07-15-2014,112,3,0,3,8
07-16-2014,106,2,1,1,15
07-17-2014,110,0,0,0,15
07-18-2014,110,1,0,1,15
07-19-2014,104,1,0,1,11
07-20-2014,106,1,0,1,8
07-21-2014,103,2,0,2,5
07-22-2014,105,0,0,0,8
07-23-2014,110,2,0,2,6
07-24-2014,111,0,0,0,8
07-25-2014,112,1,0,2,11
07-26-2014,102,0,0,0,5
07-27-2014,111,3,0,3,10
07-28-2014,105,1,0,1,10
07-29-2014,106,2,0,3,6
07-30-2014,109,0,0,0,10
07-31-2014,113,2,0,2,6
08-01-2014,109,2,0,2,27
08-02-2014,114,0,0,0,5
08-03-2014,108,2,0,2,9
08-04-2014,106,1,0,1,4
08-05-2014,117,1,1,0,14
08-06-2014,107,1,0,1,18
08-07-2014,108,1,0,1,18
08-08-2014,116,3,0,5,20
08-09-2014,115,2,0,2,6
08-10-2014,108,0,0,0,7
08-11-2014,111,1,1,0,22
08-12-2014,117,0,0,0,8
08-13-2014,109,66,31,46,21
08-14-2014,112,4,2,2,19
08-15-2014,119,4,2,6,22
08-16-2014,116,3,1,2,35
08-17-2014,108,12,2,10,12
08-18-2014,109,0,0,0,11
08-19-2014,111,57,28,33,26
08-20-2014,111,23,3,21,29
08-21-2014,110,50,59,24,22
08-22-2014,109,44,8,49,14
08-23-2014,106,45,32,18,9
08-24-2014,106,16,16,9,19
08-25-2014,115,14,12,5,18
08-26-2014,109,22,11,18,31
08-27-2014,108,44,73,9,33
08-28-2014,108,34,32,22,39
08-29-2014,117,28,5,33,38
08-30-2014,110,33,26,8,22
08-31-2014,117,15,14,3,32
09-01-2014,109,9,8,5,47
09-02-2014,110,4,14,0,35
09-03-2014,121,30,20,32,47
09-04-2014,109,38,40,4,43
09-05-2014,107,5,6,10,31
09-06-2014,107,4,6,2,41
09-07-2014,115,3,5,0,34
09-08-2014,110,11,6,9,47
09-09-2014,110,8,11,5,43
09-10-2014,109,3,10,2,52
09-11-2014,110,60,44,23,28
09-12-2014,109,11,12,5,33
09-13-2014,110,4,2,2,24
09-14-2014,109,4,5,2,33
09-15-2014,118,7,9,6,48
09-16-2014,111,62,47,22,52
09-17-2014,107,5,15,3,57
09-18-2014,113,8,20,3,65
09-19-2014,111,52,39,19,44
09-20-2014,118,3,2,9,38
09-21-2014,111,5,4,4,37
09-22-2014,116,33,20,27,45
09-23-2014,110,60,49,66,54
09-24-2014,119,75,52,52,83
09-25-2014,110,66,43,37,64
09-26-2014,111,82,75,41,48
09-27-2014,108,23,20,6,26
09-28-2014,111,8,6,10,51
09-29-2014,109,78,39,55,47
09-30-2014,121,15,17,10,72
10-01-2014,112,7,15,3,59
10-02-2014,113,23,14,20,63
10-03-2014,115,44,43,15,58
10-04-2014,114,17,9,9,46
10-05-2014,114,23,6,20,31
10-06-2014,119,71,44,50,76
10-07-2014,123,106,121,26,44
10-08-2014,115,45,59,5,38
10-09-2014,115,88,83,43,60
10-10-2014,116,74,81,50,61
10-11-2014,112,15,29,9,34
10-12-2014,111,9,33,1,32
10-13-2014,114,18,53,8,39
10-14-2014,111,9,31,5,51
10-15-2014,122,86,83,70,56
10-16-2014,113,69,88,27,48
10-17-2014,115,12,24,5,46
10-18-2014,113,6,29,4,63
10-19-2014,112,5,21,3,54
10-20-2014,112,8,32,2,39
10-21-2014,111,12,42,4,34
10-22-2014,112,60,57,27,34
10-23-2014,113,29,40,19,29
10-24-2014,111,33,42,13,31
10-25-2014,111,14,24,6,25
10-26-2014,112,7,17,2,22
10-27-2014,112,10,30,6,37
10-28-2014,114,10,38,1,35
10-29-2014,113,23,31,20,36
10-30-2014,115,51,50,29,36
10-31-2014,111,34,55,18,48
11-01-2014,116,10,39,8,56
11-02-2014,111,10,30,5,62
11-03-2014,118,8,46,5,54
11-04-2014,114,12,55,7,53
11-05-2014,112,7,33,2,34
11-06-2014,115,4,13,3,30
11-07-2014,114,22,19,39,37
11-08-2014,115,24,19,25,45
11-09-2014,112,14,21,14,39
11-10-2014,114,20,27,21,46
11-11-2014,112,52,48,36,39
11-12-2014,115,10,32,5,44
11-13-2014,117,4,16,1,37
11-14-2014,125,62,38,44,34
11-15-2014,113,9,28,3,46
11-16-2014,116,8,25,4,59
11-17-2014,117,122,44,132,39
11-18-2014,116,67,49,47,33
11-19-2014,117,74,78,23,45
11-20-2014,115,73,47,61,33
11-21-2014,114,13,7,7,22
11-22-2014,117,11,3,10,58
11-23-2014,113,21,11,10,32
11-24-2014,117,22,11,18,37
11-25-2014,115,12,0,13,16
11-26-2014,117,9,9,4,38
11-27-2014,115,16,2,21,22
11-28-2014,119,4,2,2,28
11-29-2014,116,4,0,4,27
11-30-2014,115,10,1,10,25
12-01-2014,118,74,38,44,27
12-02-2014,116,16,6,12,28
12-03-2014,118,3,0,3,32
12-04-2014,118,14,1,13,9
12-05-2014,118,6,2,5,7
12-06-2014,118,4,1,3,22
12-07-2014,121,5,2,5,15
12-08-2014,120,11,4,15,22
12-09-2014,121,74,44,63,22
12-10-2014,124,90,57,53,30
12-11-2014,122,57,51,14,33
12-12-2014,119,35,17,49,36
12-13-2014,120,14,1,14,46
12-14-2014,119,5,1,7,56
12-15-2014,123,80,55,34,32
12-16-2014,122,21,16,10,25
12-17-2014,123,77,56,34,29
12-18-2014,123,29,25,6,33
12-19-2014,122,13,8,5,27
12-20-2014,125,9,3,7,29
12-21-2014,125,4,0,4,50
12-22-2014,123,8,3,5,46
12-23-2014,124,57,31,43,57
12-24-2014,123,13,6,8,54
12-25-2014,123,11,3,12,51
12-26-2014,126,19,5,29,44
12-27-2014,123,0,0,0,45
12-28-2014,124,8,3,5,37
12-29-2014,124,10,6,16,35
12-30-2014,126,1,1,0,49
12-31-2014,125,10,1,9,40
01-01-2015,126,5,0,17,40
01-02-2015,125,6,0,7,34
01-03-2015,126,2,0,2,56
01-04-2015,128,6,6,14,56
01-05-2015,123,4,0,4,34
01-06-2015,124,6,4,3,37
01-07-2015,125,5,0,16,42
01-08-2015,123,8,3,6,44
01-09-2015,125,7,2,7,41
01-10-2015,124,7,0,16,76
01-11-2015,125,2,0,2,51
01-12-2015,125,3,1,2,40
01-13-2015,127,8,0,18,33
01-14-2015,123,6,1,5,31
01-15-2015,127,39,2,42,36
01-16-2015,124,46,41,10,56
01-17-2015,123,8,6,3,65
01-18-2015,124,7,5,2,34
01-19-2015,124,11,6,23,37
01-20-2015,123,10,4,7,39
01-21-2015,123,5,1,4,35
01-22-2015,123,7,1,15,27
01-23-2015,124,3,0,3,34
01-24-2015,125,1,0,1,59
01-25-2015,126,2,0,11,75
01-26-2015,127,4,3,1,51
01-27-2015,127,2,1,1,46
01-28-2015,127,3,2,1,54
01-29-2015,126,2,1,4,46
01-30-2015,126,4,1,3,50
01-31-2015,128,7,0,16,50
02-01-2015,127,4,0,5,30
02-02-2015,125,1,0,1,28
02-03-2015,127,5,1,5,43
02-04-2015,129,4,1,12,43
02-05-2015,127,3,1,3,38
02-06-2015,127,24,2,22,35
02-07-2015,127,27,24,7,30
02-08-2015,129,17,8,9,38
02-09-2015,128,14,19,6,38
02-10-2015,132,58,39,22,40
02-11-2015,127,11,13,1,24
02-12-2015,128,7,3,4,43
02-13-2015,127,3,2,1,23
02-14-2015,126,2,0,2,32
02-15-2015,126,2,0,2,43
02-16-2015,126,11,0,13,40
02-17-2015,129,5,2,4,65
02-18-2015,127,7,0,10,66
02-19-2015,127,7,2,10,45
02-20-2015,127,13,1,12,45
02-21-2015,126,7,0,8,39
02-22-2015,128,3,0,3,31
02-23-2015,129,6,11,19,28
02-24-2015,132,100,56,83,36
02-25-2015,129,40,13,30,32
02-26-2015,130,26,6,23,24
02-27-2015,129,8,6,3,23
02-28-2015,129,6,1,5,19
03-01-2015,128,5,0,5,31
03-02-2015,2,3,2,1,18
03-03-2015,128,19,1,22,19
03-04-2015,2,11,10,2,7
03-05-2015,128,12,8,6,22
03-06-2015,8,35,17,14,17
03-07-2015,6,1,3,2,23
03-08-2015,0,0,0,0,0
03-09-2015,5,6,2,2,18
03-10-2015,127,9,3,7,21
03-11-2015,8,8,3,7,30
03-12-2015,129,4,2,2,24
03-13-2015,130,25,4,27,43
03-14-2015,131,32,25,9,37
03-15-2015,128,10,6,4,28
03-16-2015,125,13,12,1,32
03-17-2015,125,32,4,30,29
03-18-2015,129,67,60,45,33
03-19-2015,129,11,14,4,39
03-20-2015,128,9,11,7,37
03-21-2015,128,4,0,4,34
03-22-2015,129,2,0,2,26
03-23-2015,127,9,12,11,62
03-24-2015,128,5,2,5,75
03-25-2015,129,9,1,14,74
03-26-2015,127,4,5,2,78
03-27-2015,125,6,2,5,78
03-28-2015,127,4,0,4,70
03-29-2015,125,6,0,6,71
03-30-2015,125,59,40,21,70
03-31-2015,126,15,8,7,75
04-01-2015,125,25,2,25,84
04-02-2015,127,48,46,18,84
04-03-2015,126,37,11,34,87
04-04-2015,127,41,41,15,94
04-05-2015,126,13,8,5,91
04-06-2015,127,71,53,44,86
04-07-2015,127,23,15,20,95
04-08-2015,125,34,2,34,90
04-09-2015,128,68,67,12,90
04-10-2015,125,72,33,63,76
04-11-2015,125,48,42,16,89
04-12-2015,125,20,12,11,86
04-13-2015,128,36,49,8,90
04-14-2015,125,54,39,29,87
04-15-2015,124,25,16,11,90
04-16-2015,128,16,6,14,88
04-17-2015,127,10,5,7,87
04-18-2015,127,23,0,28,82
04-19-2015,126,11,0,13,80
04-20-2015,125,8,10,7,76
04-21-2015,126,4,0,4,95
04-22-2015,125,13,6,17,84
04-23-2015,124,3,1,3,89
04-24-2015,126,5,2,4,99
04-25-2015,124,1,0,1,89
04-26-2015,125,7,0,8,95
04-27-2015,125,5,1,5,85
04-28-2015,124,65,49,25,83
04-29-2015,124,66,46,30,97
04-30-2015,122,27,8,21,89
05-01-2015,123,36,26,16,99
05-02-2015,125,16,9,10,78
05-03-2015,124,18,6,16,100
05-04-2015,123,12,15,8,95
05-05-2015,122,6,8,3,88
05-06-2015,6,5,4,6,84
05-07-2015,123,10,6,6,91
05-08-2015,123,15,1,21,96
05-09-2015,124,8,1,8,92
05-10-2015,122,4,0,4,54
05-11-2015,124,7,0,7,74
05-12-2015,124,7,3,7,66
05-13-2015,124,3,0,3,75
05-14-2015,123,4,2,3,91
05-15-2015,124,11,0,15,86
05-16-2015,123,5,0,6,73
05-17-2015,125,4,0,5,73
05-18-2015,124,6,0,10,69
05-19-2015,126,5,11,4,82
05-20-2015,125,5,1,6,76
05-21-2015,124,5,4,5,82
05-22-2015,124,6,0,8,67
05-23-2015,126,4,0,5,91
05-24-2015,125,7,0,7,84
05-25-2015,123,6,0,7,64
05-26-2015,125,6,0,9,84
05-27-2015,125,4,0,11,76
05-28-2015,124,2,0,3,76
05-29-2015,124,7,0,8,87
05-30-2015,123,1,0,1,73
05-31-2015,123,5,1,4,65
06-01-2015,123,7,2,8,73
06-02-2015,124,5,0,15,83
06-03-2015,123,6,0,8,84
06-04-2015,125,4,0,6,76
06-05-2015,124,3,0,3,79
06-06-2015,123,2,0,2,81
06-07-2015,125,3,0,3,89
06-08-2015,124,1,0,1,68
06-09-2015,125,4,3,3,68
06-10-2015,123,26,1,30,89
06-11-2015,125,47,45,7,88
06-12-2015,127,18,15,5,90
06-13-2015,127,6,2,4,75
06-14-2015,126,4,0,5,84
06-15-2015,126,5,2,3,100
06-16-2015,126,4,0,5,96
06-17-2015,127,3,0,5,90
06-18-2015,127,2,0,3,92
06-19-2015,127,5,1,4,93
06-20-2015,127,1,0,7,97
06-21-2015,127,1,0,1,73
06-22-2015,126,1,0,1,81
06-23-2015,126,3,0,3,77
06-24-2015,126,3,0,3,89
06-25-2015,126,3,0,3,87
06-26-2015,128,6,0,6,84
06-27-2015,127,3,0,3,79
06-28-2015,127,2,0,2,72
06-29-2015,127,8,1,7,69
06-30-2015,127,1,0,1,75
07-01-2015,127,1,0,1,80
07-02-2015,131,6,0,7,79
07-03-2015,131,13,0,15,87
07-04-2015,131,7,0,9,79
07-05-2015,131,4,0,5,62
07-06-2015,130,6,1,5,69
07-07-2015,132,1,0,2,85
07-08-2015,129,101,50,119,87
07-09-2015,128,37,15,30,88
07-10-2015,131,11,2,9,98
07-11-2015,133,5,0,6,108
07-12-2015,131,6,0,7,107
07-13-2015,132,18,9,10,112
07-14-2015,133,17,26,13,104
07-15-2015,132,5,5,4,103
07-16-2015,131,9,2,9,103
07-17-2015,133,7,3,6,96
07-18-2015,138,2,0,2,99
07-19-2015,135,4,0,4,62
07-20-2015,139,36,1,47,92
07-21-2015,139,37,37,7,105
07-22-2015,137,12,10,4,86
07-23-2015,140,7,3,5,100
07-24-2015,138,75,39,55,83
07-25-2015,138,14,5,74,79
07-26-2015,138,52,5,82,75
07-27-2015,139,71,80,54,86
07-28-2015,139,30,46,7,89
07-29-2015,138,15,29,3,88
07-30-2015,139,9,6,9,91
07-31-2015,139,3,1,2,78
08-01-2015,139,9,2,11,82
08-02-2015,138,7,8,3,92
08-03-2015,139,144,191,100,109
08-04-2015,141,31,56,8,98
08-05-2015,141,7,9,2,85
08-06-2015,140,6,2,5,81
08-07-2015,141,7,4,7,90
08-08-2015,139,85,61,49,100
08-09-2015,140,41,44,5,92
08-10-2015,140,27,20,9,88
08-11-2015,143,11,4,7,99
08-12-2015,144,13,1,15,90
08-13-2015,140,5,1,9,83
08-14-2015,142,61,29,44,86
08-15-2015,140,13,5,10,81
08-16-2015,141,10,4,6,89
08-17-2015,140,18,14,6,90
08-18-2015,141,7,3,5,83
08-19-2015,143,12,3,10,85
08-20-2015,142,3,0,3,79
08-21-2015,143,4,3,2,74
08-22-2015,143,4,2,3,68
08-23-2015,145,1,0,1,70
08-24-2015,143,3,0,3,76
08-25-2015,144,2,0,2,73
08-26-2015,143,4,3,2,76
08-27-2015,144,88,48,68,85
08-28-2015,146,22,12,14,73
08-29-2015,148,6,0,8,81
08-30-2015,145,8,1,10,71
08-31-2015,145,7,0,7,76
09-01-2015,146,5,2,4,55
09-02-2015,146,3,0,3,77
09-03-2015,147,6,0,8,69
09-04-2015,145,6,1,6,73
09-05-2015,147,1,0,1,69
09-06-2015,148,3,0,4,67
09-07-2015,146,2,0,2,71
09-08-2015,146,79,50,43,74
09-09-2015,147,106,63,79,80
09-10-2015,147,25,18,16,70
09-11-2015,145,14,7,12,70
09-12-2015,146,4,0,4,65
09-13-2015,149,6,2,6,67
09-14-2015,148,82,50,49,74
09-15-2015,146,47,14,44,88
09-16-2015,150,46,58,7,90
09-17-2015,149,100,77,41,80
09-18-2015,150,77,64,33,92
09-19-2015,149,55,32,30,82
09-20-2015,150,20,22,5,84
09-21-2015,147,22,27,7,105
09-22-2015,147,27,34,5,90
09-23-2015,147,16,12,8,90
09-24-2015,147,6,2,5,89
09-25-2015,147,4,0,6,86
09-26-2015,148,3,1,2,87
09-27-2015,147,11,1,10,97
09-28-2015,149,21,5,18,83
09-29-2015,148,38,31,11,99
09-30-2015,145,71,81,45,93
10-01-2015,145,43,55,9,86
10-02-2015,148,18,15,12,82
10-03-2015,149,6,1,5,86
10-04-2015,148,6,3,3,83
10-05-2015,148,21,7,17,94
10-06-2015,148,3,2,1,91
10-07-2015,147,9,7,6,86
10-08-2015,147,3,0,3,76
10-09-2015,148,65,52,28,93
10-10-2015,147,11,2,54,80
10-11-2015,147,3,1,2,83
10-12-2015,149,5,5,2,81
10-13-2015,146,6,2,5,93
10-14-2015,147,6,3,4,77
10-15-2015,146,4,1,4,101
10-16-2015,148,3,1,3,86
10-17-2015,148,2,0,3,93
10-18-2015,146,4,1,4,84
10-19-2015,148,4,1,3,92
10-20-2015,149,50,43,18,85
10-21-2015,154,67,46,34,100
10-22-2015,149,37,6,38,85
10-23-2015,150,35,2,36,87
10-24-2015,148,30,19,15,85
10-25-2015,151,46,9,41,91
10-26-2015,152,85,91,60,102
10-27-2015,152,118,74,104,94
10-28-2015,150,29,18,23,74
10-29-2015,150,28,5,24,71
10-30-2015,148,28,4,25,81
10-31-2015,152,47,39,14,92
11-01-2015,149,20,18,11,91
11-02-2015,150,11,9,4,85
11-03-2015,152,51,17,53,103
11-04-2015,151,42,38,24,79
11-05-2015,149,18,11,12,95
11-06-2015,151,4,1,4,83
11-07-2015,150,4,4,1,66
11-08-2015,150,8,3,6,72
11-09-2015,150,9,10,7,81
11-10-2015,150,58,33,33,95
11-11-2015,153,9,8,2,83
11-12-2015,152,31,4,33,82
11-13-2015,153,35,38,17,69
11-14-2015,151,13,7,6,78
11-15-2015,151,8,2,7,88
11-16-2015,149,8,7,3,86
11-17-2015,149,24,11,23,66
11-18-2015,149,46,45,14,57
11-19-2015,150,9,1,2,73
11-20-2015,151,7,2,8,85
11-21-2015,152,3,1,2,85
11-22-2015,152,3,0,4,75
11-23-2015,151,33,4,31,64
11-24-2015,151,69,78,43,70
11-25-2015,150,6,18,4,45
11-26-2015,153,10,15,18,76
11-27-2015,152,105,54,78,83
11-28-2015,154,41,31,20,73
11-29-2015,155,13,9,10,78
11-30-2015,153,34,27,20,82
12-01-2015,154,14,6,11,74
12-02-2015,154,34,2,44,72
12-03-2015,155,44,66,19,82
12-04-2015,155,61,49,33,66
12-05-2015,155,14,13,6,65
12-06-2015,155,3,2,2,88
12-07-2015,152,69,44,45,80
12-08-2015,155,31,14,26,64
12-09-2015,159,60,29,23,57
12-10-2015,158,32,67,29,79
12-11-2015,161,30,4,29,83
12-12-2015,160,42,31,17,74
12-13-2015,160,23,10,23,66
12-14-2015,161,26,19,10,75
12-15-2015,159,17,16,13,84
12-16-2015,161,14,3,21,101
12-17-2015,160,31,2,31,100
12-18-2015,160,65,39,36,136
12-19-2015,162,20,10,27,123
12-20-2015,160,20,5,16,119
12-21-2015,161,21,9,16,123
12-22-2015,161,15,4,21,84
12-23-2015,160,8,1,9,112
12-24-2015,161,9,0,9,103
12-25-2015,162,6,0,16,85
12-26-2015,162,8,0,10,73
12-27-2015,162,8,0,9,99
12-28-2015,162,49,2,63,82
12-29-2015,160,7,2,11,65
12-30-2015,160,7,0,7,91
12-31-2015,163,5,0,15,77
01-01-2016,163,9,0,9,99
01-02-2016,162,5,0,7,76
01-03-2016,162,7,1,17,77
01-04-2016,162,5,2,4,66
01-05-2016,161,7,1,9,76
01-06-2016,161,6,1,6,71
01-07-2016,163,9,0,21,70
01-08-2016,161,3,0,4,69
01-09-2016,163,6,0,6,78
01-10-2016,162,3,0,4,85
01-11-2016,161,7,2,8,93
01-12-2016,161,8,1,8,110
01-13-2016,163,4,0,6,83
01-14-2016,162,22,3,20,105
01-15-2016,161,67,49,29,58
01-16-2016,162,20,21,2,73
01-17-2016,161,18,13,6,94
01-18-2016,163,31,31,11,86
01-19-2016,164,10,6,6,127
01-20-2016,4,14,6,11,132
01-21-2016,165,10,2,12,94
01-22-2016,163,10,2,10,83
01-23-2016,162,4,0,4,86
01-24-2016,162,6,1,5,85
01-25-2016,163,5,4,6,51
01-26-2016,162,17,4,17,98
01-27-2016,163,9,2,9,89
01-28-2016,162,5,0,6,66
01-29-2016,163,53,40,24,55
01-30-2016,161,11,3,9,31
01-31-2016,162,11,4,8,33
02-01-2016,162,11,6,7,50
02-02-2016,162,11,3,12,58
02-03-2016,159,2,0,3,49
02-04-2016,161,14,1,14,36
02-05-2016,3,2,1,1,14
02-06-2016,162,4,1,4,18
02-07-2016,162,4,0,5,17
02-08-2016,162,11,1,11,27
02-09-2016,161,2,0,1,8
02-10-2016,160,3,1,2,18
02-11-2016,161,76,51,36,45
02-12-2016,159,16,12,6,37
02-13-2016,159,9,5,6,26
02-14-2016,159,12,1,12,30
02-15-2016,159,25,5,21,26
02-16-2016,159,85,65,39,80
02-17-2016,162,19,14,7,41
02-18-2016,162,76,37,52,43
02-19-2016,163,15,13,17,40
02-20-2016,162,46,3,58,44
02-21-2016,161,31,3,31,35
02-22-2016,158,19,10,13,28
02-23-2016,160,24,6,26,27
02-24-2016,160,12,8,13,34
02-25-2016,159,5,1,4,61
02-26-2016,159,13,3,20,32
02-27-2016,157,4,0,8,25
02-28-2016,159,4,0,5,30
02-29-2016,160,12,7,9,36
03-01-2016,159,18,2,17,25
03-02-2016,159,50,48,8,32
03-03-2016,160,48,22,42,36
03-04-2016,160,48,48,11,35
03-05-2016,162,24,9,17,25
03-06-2016,163,6,3,13,27
03-07-2016,161,20,8,15,36
03-08-2016,161,11,4,8,43
03-09-2016,160,7,0,7,38
03-10-2016,161,6,2,14,30
03-11-2016,2,7,1,8,20
03-12-2016,158,5,5,4,19
03-13-2016,0,0,0,0,0
03-14-2016,160,7,2,6,33
03-15-2016,161,4,12,2,57
03-16-2016,162,17,3,24,36
03-17-2016,164,8,12,9,29
03-18-2016,162,7,1,6,49
03-19-2016,162,2,0,3,5
03-20-2016,162,7,0,8,11
03-21-2016,165,10,11,16,32
03-22-2016,161,20,2,19,33
03-23-2016,162,52,48,8,36
03-24-2016,161,15,6,18,35
03-25-2016,162,5,4,1,38
03-26-2016,161,4,1,3,36
03-27-2016,161,6,0,17,32
03-28-2016,160,8,5,4,34
03-29-2016,162,26,4,22,40
03-30-2016,161,52,65,35,29
03-31-2016,162,18,19,11,36
04-01-2016,162,22,5,26,43
04-02-2016,164,42,30,14,29
04-03-2016,160,29,23,12,24
04-04-2016,161,21,13,12,30
04-05-2016,165,16,10,15,26
04-06-2016,166,4,3,2,54
04-07-2016,164,58,53,20,81
04-08-2016,165,43,20,31,54
04-09-2016,165,40,30,16,38
04-10-2016,163,20,14,9,37
04-11-2016,161,17,17,7,74
04-12-2016,162,3,2,2,43
04-13-2016,163,31,17,25,43
04-14-2016,162,53,52,13,53
04-15-2016,161,45,20,37,92
04-16-2016,164,38,31,9,28
04-17-2016,164,21,15,8,31
04-18-2016,165,19,20,5,46
04-19-2016,164,20,10,14,32
04-20-2016,164,43,36,11,51
04-21-2016,164,12,16,5,40
04-22-2016,165,7,6,1,52
04-23-2016,165,7,4,3,43
04-24-2016,166,5,0,5,50
04-25-2016,167,10,7,4,82
04-26-2016,168,6,2,5,52
04-27-2016,168,4,0,5,55
04-28-2016,196,10,12,9,102
04-29-2016,313,6,5,5,361
04-30-2016,310,8,0,8,363
05-01-2016,238,5,1,6,206
05-02-2016,304,4,1,3,359
05-03-2016,290,6,0,6,324
05-04-2016,284,9,1,10,318
05-05-2016,297,4,1,4,349
05-06-2016,282,6,0,6,322
05-07-2016,288,4,0,5,310
05-08-2016,284,4,0,6,303
05-09-2016,291,5,3,2,316
05-10-2016,289,2,1,2,286
05-11-2016,289,6,0,6,297
05-12-2016,277,1,0,1,323
05-13-2016,269,8,1,7,322
05-14-2016,279,3,0,4,321
05-15-2016,273,5,0,8,318
05-16-2016,279,6,0,6,302
05-17-2016,274,3,0,3,302
05-18-2016,275,3,0,4,328
05-19-2016,270,4,0,6,313
05-20-2016,281,7,0,7,304
05-21-2016,277,9,1,8,277
05-22-2016,271,9,0,13,269
05-23-2016,273,6,0,6,276
05-24-2016,275,28,3,29,288
05-25-2016,282,43,42,4,301
05-26-2016,290,11,9,3,293
05-27-2016,282,10,4,6,312
05-28-2016,277,7,2,5,274
05-29-2016,280,9,1,14,278
05-30-2016,282,10,3,10,322
05-31-2016,271,10,0,10,292
06-01-2016,251,4,0,4,285
06-02-2016,266,6,1,5,304
06-03-2016,256,9,16,5,257
06-04-2016,260,6,0,6,242
06-05-2016,266,10,0,13,258
06-06-2016,257,7,1,9,294
06-07-2016,250,4,0,5,255
06-08-2016,247,7,0,8,271
06-09-2016,244,11,0,12,249
06-10-2016,243,3,0,3,242
06-11-2016,258,8,0,12,229
06-12-2016,255,7,0,7,216
06-13-2016,220,4,0,6,176
06-14-2016,215,11,2,14,203
06-15-2016,218,8,0,8,166
06-16-2016,212,4,0,4,204
06-17-2016,214,13,0,13,182
06-18-2016,208,3,0,3,177
06-19-2016,210,7,0,9,178
06-20-2016,209,10,3,8,179
06-21-2016,208,11,7,10,132
06-22-2016,205,12,0,12,154
06-23-2016,210,5,0,5,119
06-24-2016,308,5,0,8,228
06-25-2016,285,2,0,2,212
06-26-2016,288,3,0,4,199
06-27-2016,272,10,73,9,183
06-28-2016,272,3,2,2,243
06-29-2016,297,6,2,5,216
06-30-2016,283,5,0,5,197
07-01-2016,282,23,10,13,186
07-02-2016,265,4,0,4,169
07-03-2016,261,1,0,1,166
07-04-2016,262,3,0,3,165
07-05-2016,267,7,2,6,185
07-06-2016,268,6,2,5,191
07-07-2016,251,83,384,71,158
07-08-2016,282,56,177,35,200
07-09-2016,277,72,60,68,214
07-10-2016,275,48,49,70,212
07-11-2016,276,37,55,45,250
07-12-2016,281,15,7,16,245
07-13-2016,268,14,5,19,233
07-14-2016,271,14,1,24,211
07-15-2016,276,21,1,33,207
07-16-2016,271,7,0,19,201
07-17-2016,269,11,0,18,212
07-18-2016,269,12,0,16,227
07-19-2016,262,11,11,14,210
07-20-2016,261,4,0,5,221
07-21-2016,254,12,3,9,166
07-22-2016,259,50,38,23,184
07-23-2016,267,11,4,8,209
07-24-2016,271,8,15,4,197
07-25-2016,268,11,15,2,191
07-26-2016,272,16,10,8,194
07-27-2016,271,10,12,8,203
07-28-2016,270,7,2,5,213
07-29-2016,278,29,4,29,210
07-30-2016,278,44,24,20,227
07-31-2016,285,14,11,5,214
08-01-2016,288,19,14,11,227
08-02-2016,273,9,6,6,235
08-03-2016,259,6,0,6,229
08-04-2016,271,2,2,0,219
08-05-2016,274,4,0,5,198
08-06-2016,277,54,35,29,198
08-07-2016,273,13,11,5,211
08-08-2016,273,19,35,3,220
08-09-2016,259,3,1,3,224
08-10-2016,255,5,0,5,235
08-11-2016,258,7,1,6,203
08-12-2016,263,6,0,7,186
08-13-2016,262,8,0,8,169
08-14-2016,262,7,0,7,163
08-15-2016,269,5,0,5,176
08-16-2016,251,21,0,48,172
08-17-2016,202,6,0,6,131
08-18-2016,187,4,0,4,136
08-19-2016,188,29,16,26,111
08-20-2016,190,47,57,26,83
08-21-2016,196,18,32,4,85
08-22-2016,194,26,19,16,139
08-23-2016,226,52,70,8,163
08-24-2016,218,12,10,5,146
08-25-2016,221,7,5,3,155
08-26-2016,208,5,5,4,137
08-27-2016,222,5,2,4,136
08-28-2016,217,5,0,5,124
08-29-2016,207,6,5,4,125
08-30-2016,205,5,8,3,118
08-31-2016,203,56,53,23,142
09-01-2016,196,36,47,5,87
09-02-2016,197,8,5,5,102
09-03-2016,197,6,2,6,70
09-04-2016,195,2,1,1,75
09-05-2016,202,9,8,1,98
09-06-2016,201,4,0,4,98
09-07-2016,193,18,2,16,85
09-08-2016,196,41,48,8,90
09-09-2016,201,16,28,8,87
09-10-2016,207,7,6,3,86
09-11-2016,204,4,1,3,89
09-12-2016,203,8,5,5,126
09-13-2016,202,19,1,23,113
09-14-2016,203,50,41,14,138
09-15-2016,199,30,15,18,121
09-16-2016,199,46,39,13,127
09-17-2016,199,17,14,9,106
09-18-2016,197,9,5,5,84
09-19-2016,216,34,10,27,141
09-20-2016,216,87,200,33,120
09-21-2016,219,95,102,45,129
09-22-2016,254,114,113,79,157
09-23-2016,261,29,30,18,181
09-24-2016,268,12,6,12,195
09-25-2016,253,7,2,5,172
09-26-2016,253,36,9,35,219
09-27-2016,255,41,47,13,197
09-28-2016,244,72,65,38,202
09-29-2016,249,63,52,23,189
09-30-2016,245,19,20,4,165
10-01-2016,246,8,3,5,131
10-02-2016,239,6,3,4,111
10-03-2016,238,38,9,35,120
10-04-2016,248,70,52,32,155
10-05-2016,252,65,59,21,166
10-06-2016,248,65,54,24,181
10-07-2016,229,68,56,27,137
10-08-2016,231,43,36,14,116
10-09-2016,231,25,27,6,114
10-10-2016,224,26,22,12,156
10-11-2016,230,23,2,22,207
10-12-2016,230,53,29,32,168
10-13-2016,229,52,54,15,154
10-14-2016,214,19,11,12,136
10-15-2016,214,8,1,8,136
10-16-2016,215,9,13,10,116
10-17-2016,218,42,6,51,136
10-18-2016,226,43,70,11,179
10-19-2016,230,26,13,23,164
10-20-2016,228,40,39,8,125
10-21-2016,228,13,22,8,155
10-22-2016,227,6,2,5,135
10-23-2016,229,3,1,4,131
10-24-2016,229,9,4,6,146
10-25-2016,230,8,4,7,161
10-26-2016,236,20,17,17,150
10-27-2016,212,62,49,24,129
10-28-2016,217,141,57,102,111
10-29-2016,216,65,33,39,157
10-30-2016,235,24,16,11,133
10-31-2016,230,30,20,18,148
11-01-2016,235,7,7,1,135
11-02-2016,232,13,5,19,165
11-03-2016,234,22,4,20,147
11-04-2016,231,40,45,13,154
11-05-2016,228,48,48,8,139
11-06-2016,224,29,14,17,132
11-07-2016,223,71,71,18,154
11-08-2016,224,34,18,22,173
11-09-2016,222,56,56,11,142
11-10-2016,222,51,21,39,148
11-11-2016,221,58,95,15,143
11-12-2016,219,11,15,3,125
11-13-2016,219,11,13,5,125
11-14-2016,228,14,12,16,177
11-15-2016,230,11,15,5,195
11-16-2016,225,27,28,22,203
11-17-2016,226,37,44,10,196
11-18-2016,228,25,21,11,178
11-19-2016,227,5,2,3,135
11-20-2016,215,3,2,2,109
11-21-2016,216,30,7,27,157
11-22-2016,214,69,104,27,183
11-23-2016,229,50,52,36,162
11-24-2016,239,76,127,29,181
11-25-2016,242,89,69,57,210
11-26-2016,248,52,98,19,161
11-27-2016,257,27,55,6,171
11-28-2016,244,40,49,31,207
11-29-2016,252,14,20,8,246
11-30-2016,255,15,20,16,199
12-01-2016,245,17,28,11,229
12-02-2016,237,8,13,3,135
12-03-2016,220,3,0,4,142
12-04-2016,222,5,0,5,111
12-05-2016,201,6,0,10,150
12-06-2016,198,3,4,1,101
12-07-2016,200,3,17,1,123
12-08-2016,202,64,48,34,126
12-09-2016,208,39,56,5,107
12-10-2016,199,27,16,15,91
12-11-2016,218,10,11,1,106
12-12-2016,236,27,12,19,186
12-13-2016,236,23,4,20,202
12-14-2016,230,60,58,11,202
12-15-2016,235,20,20,9,208
12-16-2016,238,30,5,28,174
12-17-2016,238,37,33,10,158
12-18-2016,222,15,16,4,107
12-19-2016,216,25,16,19,149
12-20-2016,228,28,6,26,178
12-21-2016,224,65,41,37,212
12-22-2016,224,59,50,18,170
12-23-2016,229,19,8,13,194
12-24-2016,233,17,5,16,167
12-25-2016,228,24,6,22,112
12-26-2016,227,17,8,13,94
12-27-2016,230,17,8,12,191
12-28-2016,231,17,15,16,181
12-29-2016,217,15,1,17,102
12-30-2016,215,23,16,24,88
12-31-2016,214,10,2,11,79
01-01-2017,202,11,0,14,88
01-02-2017,205,15,0,16,82
01-03-2017,202,35,2,39,109
01-04-2017,206,11,2,12,120
01-05-2017,205,11,1,13,99
01-06-2017,206,10,11,11,86
01-07-2017,203,10,10,10,77
01-08-2017,204,17,2,22,94
01-09-2017,205,12,10,12,86
01-10-2017,203,11,0,27,111
01-11-2017,205,47,16,50,100
01-12-2017,204,108,97,65,121
01-13-2017,250,85,70,56,138
01-14-2017,239,26,15,18,149
01-15-2017,239,18,12,14,144
01-16-2017,252,22,6,18,208
01-17-2017,245,15,5,17,200
01-18-2017,248,48,4,52,206
01-19-2017,233,80,62,44,149
01-20-2017,236,81,61,43,131
01-21-2017,232,37,19,27,131
01-22-2017,237,19,8,19,144
01-23-2017,234,30,15,20,164
01-24-2017,232,12,3,12,177
01-25-2017,237,13,3,14,181
01-26-2017,238,20,9,18,185
01-27-2017,235,12,2,14,179
01-28-2017,212,16,0,17,141
01-29-2017,214,24,2,24,119
01-30-2017,212,14,2,14,159
01-31-2017,212,23,9,24,146
02-01-2017,215,30,7,38,98
02-02-2017,216,53,9,71,124
02-03-2017,223,71,48,28,124
02-04-2017,226,24,11,15,152
02-05-2017,225,23,3,24,138
02-06-2017,224,34,16,29,176
02-07-2017,225,41,18,33,143
02-08-2017,216,82,58,33,142
02-09-2017,205,120,118,80,101
02-10-2017,226,156,141,69,118
02-11-2017,224,83,63,31,105
02-12-2017,245,41,30,24,146
02-13-2017,276,81,27,64,192
02-14-2017,277,57,77,21,182
02-15-2017,284,23,22,22,264
02-16-2017,284,22,13,26,338
02-17-2017,285,35,19,27,319
02-18-2017,271,54,41,24,269
02-19-2017,250,39,39,18,209
02-20-2017,247,59,76,16,264
02-21-2017,249,22,9,27,243
02-22-2017,236,10,8,7,249
02-23-2017,235,10,14,3,297
02-24-2017,235,13,6,10,220
02-25-2017,235,9,1,9,213
02-26-2017,231,16,0,17,140
02-27-2017,217,16,0,20,235
02-28-2017,214,10,2,8,185
03-01-2017,213,11,1,12,185
03-02-2017,218,29,4,34,216
03-03-2017,220,73,55,26,145
03-04-2017,217,61,52,25,110
03-05-2017,241,27,24,10,135
03-06-2017,238,24,20,9,163
03-07-2017,241,86,582,25,202
03-08-2017,239,41,149,24,217
03-09-2017,240,98,76,45,160
03-10-2017,241,70,81,25,153
03-11-2017,242,26,27,12,98
03-12-2017,243,16,15,11,118
03-13-2017,241,28,11,23,147
03-14-2017,244,71,51,29,192
03-15-2017,256,23,18,10,222
03-16-2017,258,20,14,16,205
03-17-2017,246,54,2,56,214
03-18-2017,236,50,29,34,255
03-19-2017,237,46,30,22,253
03-20-2017,240,40,27,21,281
03-21-2017,251,24,28,21,285
03-22-2017,252,29,7,26,284
03-23-2017,263,71,58,27,275
03-24-2017,255,34,15,23,240
03-25-2017,253,58,44,24,222
03-26-2017,247,25,14,15,207
03-27-2017,246,36,21,19,180
03-28-2017,249,35,5,31,206
03-29-2017,253,76,71,22,233
03-30-2017,260,25,14,17,232
03-31-2017,258,26,15,24,188
04-01-2017,259,13,3,11,142
04-02-2017,249,41,4,43,123
04-03-2017,253,76,124,23,168
04-04-2017,267,61,69,48,183
04-05-2017,269,106,133,60,188
04-06-2017,270,71,56,55,174
04-07-2017,266,18,10,18,173
04-08-2017,287,26,8,28,204
04-09-2017,73,11,6,11,166
04-10-2017,272,30,42,31,133
04-11-2017,260,66,81,20,148
04-12-2017,263,39,39,12,129
04-13-2017,259,19,17,10,129
04-14-2017,244,22,2,26,111
04-15-2017,242,10,0,16,106
04-16-2017,239,13,2,12,117
04-17-2017,243,102,87,36,125
04-18-2017,242,38,19,21,122
04-19-2017,244,25,9,21,86
04-20-2017,247,14,4,13,73
04-21-2017,246,9,0,12,135
04-22-2017,248,19,0,20,172
04-23-2017,246,10,1,11,209
04-24-2017,246,17,3,18,234
04-25-2017,247,95,86,28,192
04-26-2017,264,34,28,12,138
04-27-2017,262,102,81,73,93
04-28-2017,258,72,25,71,96
04-29-2017,280,43,50,23,150
04-30-2017,280,29,41,19,134
05-01-2017,282,28,33,18,133
05-02-2017,302,26,29,20,217
05-03-2017,288,48,10,51,217
05-04-2017,298,74,53,32,188
05-05-2017,281,73,70,20,117
05-06-2017,275,24,13,17,88
05-07-2017,273,24,10,24,74
05-08-2017,259,122,103,101,84
05-09-2017,263,30,20,17,131
05-10-2017,260,26,9,21,140
05-11-2017,263,18,33,12,190
05-12-2017,277,14,14,15,251
05-13-2017,272,15,6,17,242
05-14-2017,258,10,2,12,113
05-15-2017,261,30,33,10,80
05-16-2017,261,114,109,36,79
05-17-2017,260,37,22,21,82
05-18-2017,260,17,19,14,99
05-19-2017,263,14,13,16,190
05-20-2017,261,17,14,12,215
05-21-2017,266,19,5,20,202
05-22-2017,262,15,5,13,120
05-23-2017,262,44,8,43,156
05-24-2017,266,97,54,48,176
05-25-2017,266,23,11,14,170
05-26-2017,278,16,2,31,194
05-27-2017,258,16,3,15,131
05-28-2017,253,12,0,14,145
